{"cameraMode":{"drawMode":0,"name":"Shaded","section":"Shading Mode"},"sceneLighting":false,"audioPlay":false,"sceneViewState":{"showFog":true,"showMaterialUpdate":false,"showSkybox":false,"showFlares":true,"showImageEffects":true,"showParticleSystems":true},"in2DMode":false,"pivot":{"x":1.7498538494110108,"y":3.926572322845459,"z":-1008.0482788085938},"rotation":{"x":0.2129146009683609,"y":0.14153091609477998,"z":-0.03146233782172203,"w":0.9663677215576172},"size":10.655473709106446,"orthographic":false}