{"cameraMode":{"drawMode":0,"name":"Shaded","section":"Shading Mode"},"sceneLighting":false,"audioPlay":false,"sceneViewState":{"showFog":true,"showMaterialUpdate":false,"showSkybox":false,"showFlares":true,"showImageEffects":true,"showParticleSystems":true},"in2DMode":false,"pivot":{"x":0.6959522366523743,"y":1.0362340211868287,"z":-1004.402587890625},"rotation":{"x":0.2129146009683609,"y":0.14153091609477998,"z":-0.03146233782172203,"w":0.9663677215576172},"size":10.0,"orthographic":false}