{"cameraMode":{"drawMode":0,"name":"Shaded","section":"Shading Mode"},"sceneLighting":true,"audioPlay":false,"sceneViewState":{"showFog":true,"showMaterialUpdate":false,"showSkybox":true,"showFlares":true,"showImageEffects":true,"showParticleSystems":true},"in2DMode":false,"pivot":{"x":-10.629008293151856,"y":-6.801780700683594,"z":4.24067497253418},"rotation":{"x":0.26027563214302065,"y":-0.4912475645542145,"z":0.15623800456523896,"w":0.8165457844734192},"size":8.99659252166748,"orthographic":false}